{"current":{"boxed":"wide","out_of_box_background_color_for_boxed_version":"#c73030","checkbox_background_image":false,"disable_responsive":"no","layout":"1170px","border_radius":"yes","new_style_css":"yes","ajax_cart_use":true,"scroll_top_use":true,"image_lazyload":true,"login_popup":false,"language_enable":true,"flag_user_icon":true,"multi_language_1":"English","multi_language_2":"French","currency_enable":true,"currency_format":"money_format","supported_currencies":"EUR USD GBP","default_currency":"USD","theme_color":"#008acc","background_color":"light_default","custom_general":"1","text_color":"#777","color_link":"#08c","color_link_hover":"#08c","button_background_color":"#08c","button_text_color":"#fff","button_hover_background_color":"#08c","button_hover_text_color":"#fff","add_to_cart_text_color":"#6f6e6b","add_to_cart_background_color":"#f4f4f4","add_to_cart_border_color":"#f4f4f4","add_to_cart_text_hover_color":"#fff","add_to_cart_background_hover_color":"#2b2b2d","add_to_cart_border_hover_color":"#2b2b2d","add_to_wishlist_link_color":"#2b2b2d","add_to_wishlist_link_border_color":"#d8d8d6","add_to_wishlist_link_background_color":"#f4f4f4","add_to_wishlist_link_active_color":"#ed4949","add_to_compare_link_color":"#2b2b2d","add_to_compare_link_border_color":"#d8d8d6","add_to_compare_link_background_color":"#f4f4f4","add_to_compare_link_active_color":"#ed4949","sale_label_background_color":"#e27c7c","sale_label_text_color":"#fff","label1_background_color":"#0cc485","label1_text_color":"#fff","label2_background_color":"#eb2771","label2_text_color":"#fff","breadcrumbs_background_color":"rgba(0,0,0,0)","breadcrumbs_text_font_color":"#777","breadcrumbs_links_color":"#777","breadcrumbs_links_hover_color":"#777","custom_footer":"1","footer_top_background_color":"#272723","footer_top_text_font_color":"#777","footer_top_links_color":"#818181","footer_top_links_hover_color":"#1e1e1e","footer_top_socical_color":"#fff","footer_middle_background_color":"#272723","footer_middle_text_font_color":"#a8a8a8","footer_middle_links_color":"#a8a8a8","footer_middle_links_hover_color":"#a8a8a8","footer_middle_block_title_color":"#fff","footer_middle_links_icon_color":"#08c","footer_middle_ribbon_background_color":"#08c","footer_middle_ribbon_shadow_color":"#08c","footer_middle_ribbon_text_font_color":"#fff","footer_middle_2_background_color":"#f8f8f8","footer_middle_2_text_font_color":"#90969a","footer_middle_2_links_color":"#90969a","footer_middle_2_links_hover_color":"#90969a","footer_middle_2_block_title_olor":"#1e1e1e","footer_middle_2_links_icon_color":"#1e1e1e","footer_bottom_background_color":"#0c0c0c","footer_bottom_text_font_color":"#777","footer_bottom_links_color":"#777","footer_bottom_links_hover_color":"#777","to_top_icon_background_color":"#404040","to_top_icon_hover_background_color":"#555","to_top_icon_font_color":"#08c","to_top_icon_hover_font_color":"#08c","page_header":"no","custom_page":"no","body_background_color":"#f3f5f4","page_background_image_enable":false,"custom_style":"","custom_main_container":"yes","main_container_background_color":"rgba(0,0,0,0)","main_container_background_image_enable":false,"custom_main_container_text":"","font_size":"13","basic_font":"google","google_font":"Open Sans","family_font":"Helvetica, Arial, sans-serif","font_menu":"Open Sans","font_menu_size":12,"font_menu_style":"700","heading_font":"google","heading_google_font":"Open Sans","heading_family_font":"Helvetica, Arial, sans-serif","h1_font_size":"38","h2_font_size":"30","h3_font_size":"18","h4_font_size":"16","h5_font_size":"14","h6_font_size":"12","header_show_notice":false,"notice_text_color":"light","notice_background_color":"#2b262f","header_topbar_disable":false,"topbar_custom_text":"","topbar_text_color":"custom","topbar_background_color":"#f0f0ed","topbar_text_custom_color":"#999","topbar_background_image":"","topbar_background_image_repeat":"no-repeat","topbar_background_size":"cover","topbar_background_attachment":"default","topbar_background_position":"center_center","logo_svg":"logo_blue_new.png","logo":"","logo_width":"109","logo_sticky_svg":"logo_blue_new.png","logo_sticky":"","logo_sticky_width":"70","header_overlap":false,"logo_overlap_svg":"logo_blue_new.png","logo_overlap":"","header_fullwidth":false,"header_sticky_enable":"enable","header_design":"type2","header_compare_enable":true,"header_ajax_search":true,"header_search_colletion":true,"search_box_radius":"20px","header_search_background_color":"#fff","header_search_text_color":"#777","header_search_border_color":"#dbe0e2","header_custom_text":"<span style=\"margin-top:4px;color:#787d7f;display:block;\">CALL US NOW<br><b style=\"color:#606669;font-size:18px;font-weight:600;display:block;line-height:27px;\">+123 5678 890<\/b><\/span>","header_custom_text2":"","header_category_text":"SHOP BY CATEGORY","custom_block_2":"","custom_header_bottom":"","shopping_cart_design":"5","shopping_cart_widget_design":"2","shopping_cart_action":"widget","shopping_cart_icon_color":"#08c","shopping_cart_icon_text_color":"#606669","sticky_shopping_cart_icon_color":"#08c","sticky_shopping_cart_icon_text_color":"#606669","header_menu_main_bg_color":"#f0f0ed","header_menu_bg_style":"default","header_menu_align":"left","header_menu_style":"background_new","header_menu_style_color":"primary","header_menu_bg_color":"#fff","header_menu_text_color":"#333","header_menu_hover_text_color":"#333","header_menu_custom":"","category_menu_style":"default","category_menu_hover_bg_color":"#fff","category_menu_text_color":"#333","category_menu_hover_text_color":"#333","header_mobile_custom_text":"<div class=\"social-icons\">\n<a href=\"https:\/\/www.facebook.com\/\" title=\"Facebook\" target=\"_blank\"><i class=\"icon-facebook\"><\/i><\/a><a href=\"https:\/\/twitter.com\/\" title=\"Twitter\" target=\"_blank\"><i class=\"icon-twitter\"><\/i><\/a><a href=\"https:\/\/instagram.com\/\" title=\"Linkedin\" target=\"_blank\"><i class=\"icon-instagram\"><\/i><\/a>\n<\/div>","header_background_color":"#fff","header_sticky_background_color":"#fff","header_text_color":"custom","header_text_custom_color":"#08c","header_sticky_menu_style_color":"primary","header_sticky_menu_bg_color":"#fff","header_sticky_menu_text_color":"#333","header_sticky_menu_hover_text_color":"#333","header_background_image":"","header_background_image_repeat":"no-repeat","header_background_size":"cover","header_background_attachment":"default","header_background_position":"center_center","nav_linklist":"main-menu","menu_item_type_1":"default","menu_item_staticwidth_1":"","menu_item_float_1":"default","menu_icon_image_use_1":false,"menu_item_font_icon_1":"","menu_item_label_1":"","menu_item_label_1_text1":"","menu_item_label_1_text2":"","menu_item_column_1":"3","menu_banner_left_enable_1":false,"menu_item_block_left_1":"","menu_proportions_left_1":"0","menu_banner_right_enable_1":false,"menu_item_block_right_1":"","menu_proportions_right_1":"0","menu_banner_top_enable_1":false,"menu_banner_sub_1_top_enable_1":false,"menu_banner_sub_1_top_enable_2":false,"menu_banner_sub_1_top_enable_3":false,"menu_banner_sub_1_top_enable_4":false,"menu_banner_sub_1_top_enable_5":false,"menu_banner_sub_1_top_enable_6":false,"menu_item_block_top_1":"","menu_banner_bottom_enable_1":false,"menu_item_block_bottom_1":"","menu_item_type_2":"staticwidth","menu_item_staticwidth_2":"670px","menu_item_float_2":"default","menu_icon_image_use_2":false,"menu_item_font_icon_2":"","menu_item_label_2":"1","menu_item_label_2_text1":"New","menu_item_label_2_text2":"","menu_item_column_2":"2","menu_banner_left_enable_2":false,"menu_item_block_left_2":"","menu_proportions_left_2":"0","menu_banner_right_enable_2":true,"menu_item_block_right_2":"","menu_proportions_right_2":"4","menu_banner_top_enable_2":false,"menu_banner_sub_2_top_enable_1":false,"menu_banner_sub_2_top_enable_2":false,"menu_banner_sub_2_top_enable_3":false,"menu_banner_sub_2_top_enable_4":false,"menu_banner_sub_2_top_enable_5":false,"menu_banner_sub_2_top_enable_6":false,"menu_item_block_top_2":"","menu_banner_bottom_enable_2":false,"menu_item_block_bottom_2":"","menu_item_type_3":"wide","menu_item_staticwidth_3":"","menu_item_float_3":"default","menu_icon_image_use_3":false,"menu_item_font_icon_3":"","menu_item_label_3":"","menu_item_label_3_text1":"","menu_item_label_3_text2":"","menu_item_column_3":"3","menu_banner_left_enable_3":false,"menu_item_block_left_3":"","menu_proportions_left_3":"0","menu_banner_right_enable_3":false,"menu_item_block_right_3":"<img data-src=\"https:\/\/cdn.shopify.com\/s\/files\/1\/1717\/8329\/files\/menu-banner5_4c727661-2fa7-4262-9ada-453d48ad6873.jpg?1740826853960579181\" alt=\"\" style=\"max-width:100%; width:100%;padding-right:10px;padding-top:9px;float:right;\">","menu_proportions_right_3":"4","menu_banner_top_enable_3":false,"menu_banner_sub_3_top_enable_1":false,"menu_banner_sub_3_top_enable_2":false,"menu_banner_sub_3_top_enable_3":false,"menu_banner_sub_3_top_enable_4":false,"menu_banner_sub_3_top_enable_5":false,"menu_banner_sub_3_top_enable_6":false,"menu_item_block_top_3":"","menu_banner_bottom_enable_3":false,"menu_item_block_bottom_3":"","menu_item_type_4":"classic","menu_item_staticwidth_4":"","menu_item_float_4":"default","menu_icon_image_use_4":false,"menu_item_font_icon_4":"","menu_item_label_4":"","menu_item_label_4_text1":"","menu_item_label_4_text2":"","menu_item_column_4":"3","menu_banner_left_enable_4":false,"menu_item_block_left_4":"","menu_proportions_left_4":"0","menu_banner_right_enable_4":false,"menu_item_block_right_4":"","menu_proportions_right_4":"0","menu_banner_top_enable_4":false,"menu_banner_sub_4_top_enable_1":false,"menu_banner_sub_4_top_enable_2":false,"menu_banner_sub_4_top_enable_3":false,"menu_banner_sub_4_top_enable_4":false,"menu_banner_sub_4_top_enable_5":false,"menu_banner_sub_4_top_enable_6":false,"menu_item_block_top_4":"","menu_banner_bottom_enable_4":false,"menu_item_block_bottom_4":"","menu_item_type_5":"classic","menu_item_staticwidth_5":"","menu_item_float_5":"default","menu_icon_image_use_5":false,"menu_item_font_icon_5":"","menu_item_label_5":"","menu_item_label_5_text1":"","menu_item_label_5_text2":"","menu_item_column_5":"3","menu_banner_left_enable_5":false,"menu_item_block_left_5":"","menu_proportions_left_5":"0","menu_banner_right_enable_5":false,"menu_item_block_right_5":"","menu_proportions_right_5":"0","menu_banner_top_enable_5":false,"menu_banner_sub_5_top_enable_1":false,"menu_banner_sub_5_top_enable_2":false,"menu_banner_sub_5_top_enable_3":false,"menu_banner_sub_5_top_enable_4":false,"menu_banner_sub_5_top_enable_5":false,"menu_banner_sub_5_top_enable_6":false,"menu_item_block_top_5":"","menu_banner_bottom_enable_5":false,"menu_item_block_bottom_5":"","menu_item_type_6":"classic","menu_item_staticwidth_6":"","menu_item_float_6":"right","menu_icon_image_use_6":false,"menu_item_font_icon_6":"","menu_item_label_6":"2","menu_item_label_6_text1":"","menu_item_label_6_text2":"Hot","menu_item_column_6":"3","menu_banner_left_enable_6":false,"menu_item_block_left_6":"","menu_proportions_left_6":"0","menu_banner_right_enable_6":false,"menu_item_block_right_6":"","menu_proportions_right_6":"0","menu_banner_top_enable_6":false,"menu_banner_sub_6_top_enable_1":false,"menu_banner_sub_6_top_enable_2":false,"menu_banner_sub_6_top_enable_3":false,"menu_banner_sub_6_top_enable_4":false,"menu_banner_sub_6_top_enable_5":false,"menu_banner_sub_6_top_enable_6":false,"menu_item_block_top_6":"","menu_banner_bottom_enable_6":false,"menu_item_block_bottom_6":"","menu_item_type_7":"default","menu_item_staticwidth_7":"","menu_item_float_7":"right","menu_icon_image_use_7":false,"menu_item_font_icon_7":"","menu_item_label_7":"","menu_item_label_7_text1":"","menu_item_label_7_text2":"","menu_item_column_7":"3","menu_banner_left_enable_7":false,"menu_item_block_left_7":"","menu_proportions_left_7":"0","menu_banner_right_enable_7":false,"menu_item_block_right_7":"","menu_proportions_right_7":"0","menu_banner_top_enable_7":false,"menu_banner_sub_7_top_enable_1":false,"menu_banner_sub_7_top_enable_2":false,"menu_banner_sub_7_top_enable_3":false,"menu_banner_sub_7_top_enable_4":false,"menu_banner_sub_7_top_enable_5":false,"menu_banner_sub_7_top_enable_6":false,"menu_item_block_top_7":"","menu_banner_bottom_enable_7":false,"menu_item_block_bottom_7":"","menu_item_type_8":"default","menu_item_staticwidth_8":"","menu_item_float_8":"default","menu_icon_image_use_8":false,"menu_item_font_icon_8":"","menu_item_label_8":"","menu_item_label_8_text1":"","menu_item_label_8_text2":"","menu_item_column_8":"3","menu_banner_left_enable_8":false,"menu_item_block_left_8":"","menu_proportions_left_8":"0","menu_banner_right_enable_8":false,"menu_item_block_right_8":"","menu_proportions_right_8":"0","menu_banner_top_enable_8":false,"menu_banner_sub_8_top_enable_1":false,"menu_banner_sub_8_top_enable_2":false,"menu_banner_sub_8_top_enable_3":false,"menu_banner_sub_8_top_enable_4":false,"menu_banner_sub_8_top_enable_5":false,"menu_banner_sub_8_top_enable_6":false,"menu_item_block_top_8":"","menu_banner_bottom_enable_8":false,"menu_item_block_bottom_8":"","menu_item_type_9":"default","menu_item_staticwidth_9":"","menu_item_float_9":"default","menu_icon_image_use_9":false,"menu_item_font_icon_9":"","menu_item_label_9":"","menu_item_label_9_text1":"","menu_item_label_9_text2":"","menu_item_column_9":"3","menu_banner_left_enable_9":false,"menu_item_block_left_9":"","menu_proportions_left_9":"0","menu_banner_right_enable_9":false,"menu_item_block_right_9":"","menu_proportions_right_9":"0","menu_banner_top_enable_9":false,"menu_banner_sub_9_top_enable_1":false,"menu_banner_sub_9_top_enable_2":false,"menu_banner_sub_9_top_enable_3":false,"menu_banner_sub_9_top_enable_4":false,"menu_banner_sub_9_top_enable_5":false,"menu_banner_sub_9_top_enable_6":false,"menu_item_block_top_9":"","menu_banner_bottom_enable_9":false,"menu_item_block_bottom_9":"","menu_item_type_10":"default","menu_item_staticwidth_10":"","menu_item_float_10":"default","menu_icon_image_use_10":false,"menu_item_font_icon_10":"","menu_item_label_10":"","menu_item_label_10_text1":"","menu_item_label_10_text2":"","menu_item_column_10":"3","menu_banner_left_enable_10":false,"menu_item_block_left_10":"","menu_proportions_left_10":"0","menu_banner_right_enable_10":false,"menu_item_block_right_10":"","menu_proportions_right_10":"0","menu_banner_top_enable_10":false,"menu_banner_sub_10_top_enable_1":false,"menu_banner_sub_10_top_enable_2":false,"menu_banner_sub_10_top_enable_3":false,"menu_banner_sub_10_top_enable_4":false,"menu_banner_sub_10_top_enable_5":false,"menu_banner_sub_10_top_enable_6":false,"menu_item_block_top_10":"","menu_banner_bottom_enable_11":false,"menu_item_block_bottom_10":"","nav_linklist2":"","menu2_item_type_1":"classic","menu2_item_staticwidth_1":"","menu2_item_float_1":"default","menu2_icon_image_use_1":false,"menu2_item_font_icon_1":"","menu2_item_label_1":"","menu2_item_label_1_text1":"","menu2_item_label_1_text2":"","menu2_item_column_1":"3","menu2_banner_left_enable_1":false,"menu2_item_block_left_1":"","menu2_proportions_left_1":"0","menu2_banner_right_enable_1":false,"menu2_item_block_right_1":"","menu2_proportions_right_1":"0","menu2_banner_top_enable_1":false,"menu2_banner_sub_1_top_enable_1":false,"menu2_banner_sub_1_top_enable_2":false,"menu2_banner_sub_1_top_enable_3":false,"menu2_banner_sub_1_top_enable_4":false,"menu2_banner_sub_1_top_enable_5":false,"menu2_banner_sub_1_top_enable_6":false,"menu2_item_block_top_1":"","menu2_banner_bottom_enable_1":false,"menu2_item_block_bottom_1":"","menu2_item_type_2":"default","menu2_item_staticwidth_2":"","menu2_item_float_2":"default","menu2_icon_image_use_2":false,"menu2_item_font_icon_2":"","menu2_item_label_2":"","menu2_item_label_2_text1":"","menu2_item_label_2_text2":"","menu2_item_column_2":"3","menu2_banner_left_enable_2":false,"menu2_item_block_left_2":"","menu2_proportions_left_2":"0","menu2_banner_right_enable_2":false,"menu2_item_block_right_2":"","menu2_proportions_right_2":"0","menu2_banner_top_enable_2":false,"menu2_banner_sub_2_top_enable_1":false,"menu2_banner_sub_2_top_enable_2":false,"menu2_banner_sub_2_top_enable_3":false,"menu2_banner_sub_2_top_enable_4":false,"menu2_banner_sub_2_top_enable_5":false,"menu2_banner_sub_2_top_enable_6":false,"menu2_item_block_top_2":"","menu2_banner_bottom_enable_2":false,"menu2_item_block_bottom_2":"","menu2_item_type_3":"default","menu2_item_staticwidth_3":"","menu2_item_float_3":"default","menu2_icon_image_use_3":false,"menu2_item_font_icon_3":"","menu2_item_label_3":"","menu2_item_label_3_text1":"","menu2_item_label_3_text2":"","menu2_item_column_3":"3","menu2_banner_left_enable_3":false,"menu2_item_block_left_3":"","menu2_proportions_left_3":"0","menu2_banner_right_enable_3":false,"menu2_item_block_right_3":"","menu2_proportions_right_3":"0","menu2_banner_top_enable_3":false,"menu2_banner_sub_3_top_enable_1":false,"menu2_banner_sub_3_top_enable_2":false,"menu2_banner_sub_3_top_enable_3":false,"menu2_banner_sub_3_top_enable_4":false,"menu2_banner_sub_3_top_enable_5":false,"menu2_banner_sub_3_top_enable_6":false,"menu2_item_block_top_3":"","menu2_banner_bottom_enable_3":false,"menu2_item_block_bottom_3":"","menu2_item_type_4":"default","menu2_item_staticwidth_4":"","menu2_item_float_4":"default","porto-demo5-new.myshopify.comicon_image_use_4":false,"menu2_item_font_icon_4":"","menu2_item_label_4":"","menu2_item_label_4_text1":"","menu2_item_label_4_text2":"","menu2_item_column_4":"3","menu2_banner_left_enable_4":false,"menu2_item_block_left_4":"","menu2_proportions_left_4":"0","menu2_banner_right_enable_4":false,"menu2_item_block_right_4":"","menu2_proportions_right_4":"0","menu2_banner_top_enable_4":false,"menu2_banner_sub_4_top_enable_1":false,"menu2_banner_sub_4_top_enable_2":false,"menu2_banner_sub_4_top_enable_3":false,"menu2_banner_sub_4_top_enable_4":false,"menu2_banner_sub_4_top_enable_5":false,"menu2_banner_sub_4_top_enable_6":false,"menu2_item_block_top_4":"","menu2_banner_bottom_enable_4":false,"menu2_item_block_bottom_4":"","menu2_item_type_5":"default","menu2_item_staticwidth_5":"","menu2_item_float_5":"default","menu2_icon_image_use_5":false,"menu2_item_font_icon_5":"","menu2_item_label_5":"","menu2_item_label_5_text1":"","menu2_item_label_5_text2":"","menu2_item_column_5":"3","menu2_banner_left_enable_5":false,"menu2_item_block_left_5":"","menu2_proportions_left_5":"0","menu2_banner_right_enable_5":false,"menu2_item_block_right_5":"","menu2_proportions_right_5":"0","menu2_banner_top_enable_5":false,"menu2_banner_sub_5_top_enable_1":false,"menu2_banner_sub_5_top_enable_2":false,"menu2_banner_sub_5_top_enable_3":false,"menu2_banner_sub_5_top_enable_4":false,"menu2_banner_sub_5_top_enable_5":false,"menu2_banner_sub_5_top_enable_6":false,"menu2_item_block_top_5":"","menu2_banner_bottom_enable_5":false,"menu2_item_block_bottom_5":"","sidebar_move":false,"sidebar_left_product":false,"sidebar_left_collection":true,"sidebar_left_blog":false,"sidebar_left_article":false,"sidebar_left_cart":false,"sidebar_left_account":false,"sidebar_right_product":true,"sidebar_right_collection":false,"sidebar_right_blog":true,"sidebar_right_article":true,"sidebar_right_cart":false,"sidebar_right_account":false,"collection_menu_onepage":false,"opc_nav_linklist":"main-menu","opc_collection_1":"accessories","opc_use_icon_image_1":true,"opc_font_icon_1":"","opc_item_hover_bg_color_1":"#00d59d","collection_image_enable_1":true,"additional_content_link_1_1":"","additional_content_link_1_2":"","opc_collection_2":"electronics","opc_use_icon_image_2":true,"opc_font_icon_2":"","opc_item_hover_bg_color_2":"#00d59d","collection_image_enable_2":true,"additional_content_link_2_1":"","additional_content_link_2_2":"","opc_collection_3":"","opc_use_icon_image_3":true,"opc_font_icon_3":"","opc_item_hover_bg_color_3":"#00d59d","collection_image_enable_3":true,"additional_content_link_3_1":"","additional_content_link_3_2":"","opc_collection_4":"","opc_use_icon_image_4":true,"opc_font_icon_4":"","opc_item_hover_bg_color_4":"#00d59d","collection_image_enable_4":true,"additional_content_link_4_1":"","additional_content_link_4_2":"","opc_collection_5":"","opc_use_icon_image_5":true,"opc_font_icon_5":"","opc_item_hover_bg_color_5":"#00d59d","collection_image_enable_5":true,"additional_content_link_5_1":"","additional_content_link_5_2":"","opc_collection_6":"","opc_use_icon_image_6":true,"opc_font_icon_6":"","opc_item_hover_bg_color_6":"#00d59d","collection_image_enable_6":true,"additional_content_link_6_1":"","additional_content_link_6_2":"","opc_collection_7":"","opc_use_icon_image_7":true,"opc_font_icon_7":"","opc_item_hover_bg_color_7":"#00d59d","collection_image_enable_7":true,"additional_content_link_7_1":"","additional_content_link_7_2":"","opc_collection_8":"","opc_use_icon_image_8":false,"opc_font_icon_8":"","opc_item_hover_bg_color_8":"#00d59d","collection_image_enable_8":false,"additional_content_link_8_1":"","additional_content_link_8_2":"","opc_collection_9":"","opc_use_icon_image_9":false,"opc_font_icon_9":"","opc_item_hover_bg_color_9":"#00d59d","collection_image_enable_9":false,"additional_content_link_9_1":"","additional_content_link_9_2":"","opc_collection_10":"","opc_use_icon_image_10":false,"opc_font_icon_10":"","opc_item_hover_bg_color_10":"#00d59d","collection_image_enable_10":false,"additional_content_link_10_1":"","additional_content_link_10_2":"","product_page_type":"default","product_prev_next":true,"product_prev_text":"<i class=\"icon-left-open\"><\/i>","product_next_text":"<i class=\"icon-right-open\"><\/i>","product_countdown":false,"product_availability":true,"product_sku":false,"product_type":false,"product_vendor":false,"product_short_desc":"1","product_short_custom":true,"custom_block_content_after":"<div class=\"item\">\n<i class=\"icon-shipped\"><\/i><h3>FREE<br>SHIPPING<\/h3>\n<\/div>\n<div class=\"item\">\n<i class=\"icon-us-dollar\"><\/i><h3>100% MONEY<br>BACK GUARANTEE<\/h3>\n<\/div>\n<div class=\"item\">\n<i class=\"icon-online-support\"><\/i><h3>ONLINE<br>SUPPORT 24\/7<\/h3>\n<\/div>","product_short_custom_fullwidth":true,"custom_block_content_fullwidth":"<div class=\"item\"><h3>Fee Shipping<\/h3><\/div><div class=\"item\"><h3>100% Money Back Guarantee<\/h3><\/div><div class=\"item\"> <h3>Online Support 24\/7<\/h3>\n<\/div>","product_short_custom_widegrid":true,"custom_block_content_widegrid":"<div class=\"item\"><h3>Fee Shipping<\/h3><\/div>","product_tags":false,"product_addtocart_sticky":true,"disable_socical_icon":false,"disable_addtolink":false,"enable_payment_button":false,"product_aspect_ratio":"1","product_ratio_width":"600","product_ratio_height":"600","media_slide_layout":"horizontal","product_image_size":"6","product_zoom_disable":false,"media_zoom_position":"1","media_zoom_lightbox_enable":true,"product_swatch_type":"1","product_swatch_setting":"1","product_swatch_size":"size-small","product_tab_style":"horizontal","move_product_tab":false,"full_width_product_tab":false,"move_down_product_tab_related":false,"custom_product_tab_right":false,"product_custom_tab_title":"","product_custom_tab_collection":"","product_custom_tab_limit":"3","related_product_display":true,"full_width_background_related":true,"related_product_type":"collection","related_view_mode":"products-slider","related_product_layout":"default","related_columns":"5","space_related_product":"10","related_product_limit":"8","related_autoplay":"5000","related_show_nav":false,"related_nav_position":"middle","related_nav_side":"","related_nav_type":"nav-style-4","related_show_nav_hover":false,"related_show_paging":true,"related_page_position":"show-dots-title-right","collection_sidebar_position":"left","collection_products_count":"8","collection_view_mode":"grid","product_layout":"default","collection_columns":"4","space_product":"10","collection_alternative_image":true,"collection_aspect_ratio":"1","collection_ratio_width":"250","collection_ratio_height":"250","collection_product_category":true,"collection_rating_star":true,"collection_product_price":true,"collection_show_addtocart":true,"collection_grid_quickview":true,"collection_show_addtolinks":true,"collection_show_sale":true,"collection_show_discount":true,"collection_sale_label_text":"","collection_grid_swatch_type":"0","collection_grid_product_countdown":false,"porto_settings_category_grid_one_column_mobile":false,"collection_infinite_scrolling":false,"collection_infinite_mode":"byscroll","collection_sidebar_filters":"groups","filtering_1":true,"filtering_heading_1":"Price","filtering_filters_1":"Below $100.00,\r\n$100.00-199.00,\r\n$200.00-299.00,\r\n$300.00-399.00,\r\n$400.00-499.00,\r\nAbove $500.00","filtering_2":true,"filtering_heading_2":"Color","filtering_filters_2":"Black,\nBlue,\nBrown,\nYellow,\nCharcoal,\nGreen,\nTaupe,\nGarden,\nGrey,\nIndigo,\nIvory,\nKhaki,\nOatmeal,\nOrange,\nPink,\nPurple,\nRed,\nRoyal Blue,\nSilver,\nTaupe,\nWhite","filtering_3":true,"filtering_heading_3":"Size","filtering_filters_3":"S,\r\nM,\r\nL,\r\nXL,\r\n2XL,\r\n3XL","filtering_4":true,"filtering_heading_4":"Brand","filtering_filters_4":"Adidas,\r\nCamel,\r\nMotorola,\r\nRolex,\r\nSamsung Galaxy,\r\nSeiko,\r\nSony","filtering_5":false,"filtering_heading_5":"","filtering_filters_5":"","filtering_6":false,"filtering_heading_6":"","filtering_filters_6":"","filtering_7":false,"filtering_heading_7":"","filtering_filters_7":"","filtering_8":false,"filtering_heading_8":"","filtering_filters_8":"","filtering_9":false,"filtering_heading_9":"","filtering_filters_9":"","filtering_10":false,"filtering_heading_10":"","filtering_filters_10":"","blog_sidebar_position":"right","blog_sidebar_recent":true,"blog_sidebar_tags":true,"related_posts_display":true,"related_posts_autoplay":"","related_posts_show_paging":false,"related_posts_show_nav":true,"related_posts_nav_prev":"<i class=\"icon-left-open\"><\/i>","related_posts_nav_next":"<i class=\"icon-right-open\"><\/i>","related_posts_column":"4","space_related_posts":"10","related_posts_limit":"8","google_map_enable":true,"google_map_api_key":"AIzaSyDDfqNjiVz7F6wqWWn6NXuzwS4mEAQj6v4","google_map_address":"Porto Store","google_map_pin_latitude":"-34.398","google_map_pin_longitude":"150.884","google_map_zoom":"14","contact_form_title":"Drop us a line","facebook_link":"https:\/\/www.facebook.com\/envato","smartwave_flickrphotos_apikey":"","smartwave_flickrphotos_photosetid":"","smartwave_flickrphotos_count":"","twitter_name":"TwitterDev","twitter_screen_name":"TwitterDev","newsletter_footer_content":"Get all the latest information on Events,\r\nSales and Offers. Sign up for newsletter today.","newsletter_form_action":"\/\/icotheme.us12.list-manage.com\/subscribe\/post?u=494713daf8c644965e816bf29&amp;id=2f9eab1a8a","newsletter_enable":"1","newsletter_delay":"10000","newsletter_bg_image_use":true,"newsletter_bg_color":"","newsletter_title":"BE THE FIRST TO KNOW","newsletter_content":"Subscribe to the Porto eCommerce newsletter to receive timely updates from your favorite products.","newsletter_custom_style":"","newsletter_width":"700","custom_style_1":".header-container.type2 {\n  border-top-width: 3px;\n}\n.main-section-header .top-links-container {\n  padding: 3px 0 3px;\n}\n.header-container.type2 .header .custom-block {\n  text-align: left;\n  font-size: 11px;\n  height: 42px;\n  line-height: 1;\n  border-right: solid 1px #dde0e2;\n  padding-right: 35px;\n}\n.searchform .searchsubmit:after {\ncontent: \"\\e884\";\n}\n.type2 .top-navigation li.level0 .level-top {\npadding: 15px 16px\n}\n.template-index .header-container.type2 .header-wrapper {\n  margin-bottom: 10px;\n}\n.item-area .product-image-area .quickview-icon {\n  background-color: #2b2b2d;\n}\n.main-section-header .links li {\n  border-color: #ccc;\n}\n.slideshow-section .slideshow .owl-dots {\n  bottom: 27px;\n}\n.slideshow-section .slideshow .owl-nav button {\n  top: 42%;\n}\n.products .product-default .price { \n    font-family: 'Oswald';\n    font-weight: 400;\n    letter-spacing: .005em;\n}\n.porto-products.title-border-middle &gt; .section-title { \n    margin-bottom: 15px;\n}\n.main-container h3.title-widget {\n  text-align: center;\n  font-size: 17px;\n  padding-bottom: 8px;\n  background: none;\n  font-family: 'Open Sans';\n  letter-spacing: 0;\n}\n.custom-support i {\n  text-align: center;\n  width: auto;\n  height: auto;\n  border-radius: 0;\n  padding-bottom: 14px;\n  display: inline-block;\n}\n.custom-support .content{\nmargin-left: 0;\n}\n.custom-support .col-lg-4 i{\nborder: 0 !important;\n    float: none;\n}\n.custom-support .col-lg-4{\ntext-align: center;\n}\n.custom-support i {\n    text-align: center; \n    width: auto;\n    height: auto;\n    border-radius: 0;\n    padding-bottom: 14px;\n    display: inline-block;\n    font-size: 40px;\n}\n.custom-support .content h2 {\n    margin: 0;\n    font-weight: 600;\n    text-transform: uppercase;\n    font-size: 16px; \n    line-height: 22px;\n}\n.custom-support .content em {\n    font-weight: 300;\n    font-style: normal;\n    margin-bottom: 15px;\n    display: block; \n    font-size: 14px;\n    line-height: 22px;\n}\n.custom-support .content p {\n    font-size: 13px;\n    line-height: 24px; \n}\n.parallax-wrapper .parallax .parallax-slider .item h2 {\n  margin-top: 10px;\n  margin-bottom: 20px;\n  font-weight: 400;\n}\n.parallax-slider .item a {\n  padding: 17px 33px;\n  border-radius: 3px !important;\n  background-color: #2b2b2d;\n  font-size: 13px;\n  box-shadow: none;\n}\n.parallax-wrapper .parallax .overlay{\ndisplay: none;\n}\n.featured-brands .owl-carousel{\n    padding: 10px 70px;\n}\n.featured-brands .owl-nav button {\n    position: absolute;\n    top: calc(50% - 15px);\n    background: none;\n    color: #3a3a3c;\n    font-size: 22px;\n    padding: 0;\n    margin: 0;\n}\n.featured-brands .owl-nav button.owl-prev {\n    left: 0;\n}\n.featured-brands .owl-nav button.owl-next {\n    right: 0;\n}\n.featured-brands .owl-nav{\ntop: auto;\nright: auto;\nposition: static;\n}\n.featured-brands{\nmargin-bottom: 25px;\n}\n.footer-wrapper .footer-middle .footer-ribbon{\nz-index: 2;\n}\n.footer-wrapper .footer-middle .block-bottom {\n    border-top: 1px solid #3d3d38;\n    text-align: left;\n    padding: 27px 0;\n    overflow: hidden;\n    margin-top: 32px;\n}\n.footer-wrapper .footer-middle .working span {\n    text-transform: uppercase;\n    font-size: 13px;\n    letter-spacing: 0.005em;\n    line-height: 18px;\n}\n.footer-wrapper .footer-middle ul.footer-list li {\n    position: relative;\n    padding: 6px 0;\n    line-height: 1;\n    display: block;\n}\n.footer-wrapper .footer-middle {\n    padding: 24px 0;\n    font-size: 13px;\n    position: relative;\n}\n.footer-wrapper .footer-top{\npadding-bottom: 0px;\n}\n.footer-wrapper .footer-middle ul.contact-info b {\n    font-weight: 400;\n    font-size: 13px;\n    margin-bottom: 7px;\n    display: inline-block;\n}\n.footer-wrapper .footer-middle ul.contact-info li p{\nline-height: 1;\n}\n.footer-wrapper .footer-middle ul.contact-info li {\n    padding: 12px 0;\n}\n.footer-wrapper .footer-middle ul.contact-info li:first-child {\n  padding-top: 0;\n}\n.footer-wrapper .footer-top .input-group input {\n  background-color: #fff;\n  color: #686865;\n  height: 48px;\n  border: 0;\n  font-size: 14px;\n  padding-left: 15px;\n  float: left;\n  max-width: 375px;\n  width: 90%;\n  border-radius: 30px 0 0 30px !important;\n  padding-right: 105px;\n  margin-right: 22px;\n  margin-bottom: 0;\n}\n.footer-wrapper .footer-top .input-group button {\n  float: left;\n  width: 120px;\n  margin-left: -120px;\n  line-height: 48px;\n  padding: 0 12px;\n  text-transform: uppercase;\n  border-radius: 0 30px 30px 0 !important;\n}\n.footer-wrapper .footer-top .footer-top-inner {\n    border-bottom: 1px solid #3d3d38;\n}\n.footer_2 .input-group button{\nborder-left: 0;\n}\n.homepage-bar{\nborder-top: 0;\n}\n.homepage-bar [class^=\"col-lg-\"]{\nborder-left: 0;\n}\n.homepage-bar .col-lg-4 .text-area h3 {\n    margin: 0;\n    font-size: 14px;\n    font-weight: 600;\n    line-height: 19px;\n}\n.owl-dots {\n    top: auto;\n    bottom: -35px;\n    left: 5px;\n    position: absolute;\n    right: 5px;\n    text-align: center;\n    margin: 0;\n}\n.owl-dots .owl-dot span {\n    width: 11px;\n    height: 3px;\n    background: #a0a09f;\n    margin: 5px 7px;\n    border-radius: 20px !important;\n    display: block;\n}\n.box_product{\npadding-bottom: 60px;\n}\n.product-view .product-shop .actions a.link-wishlist, .product-view .product-shop .actions a.link-compare { \n    width: 43px;\n    height: 43px;\n    line-height: 41px;\n}\n.product-view .product-shop .middle-product-detail .product-type-data .price-box .price{\nfont-family: 'Oswald';\n}\n.product-view .product-shop .actions .add-to-links li a.link-wishlist{\nbackground: none;\n}\n.template-product .product-view .add-to-links .link-wishlist i:before {\n    content: '\\e889';\n}\n.main-container .main-wrapper{\npadding-bottom: 80px;\n}\n.template-index .main-container .main-wrapper, .template-product .main-container .main-wrapper{\npadding-bottom: 0;\n}\n.main-container .pagenav-wrap .pagination .pagination-page li a:hover {\n  background: transparent;\n  color: inherit;\n  border-color: #ccc;\n}\n.main-container .pagenav-wrap .pagination .pagination-page li.active span {\n  background: transparent;\n  color: inherit;\n}\n.pagination-page li.text i.icon-right-dir::before {\n  content: '\\e81a';\n}\n.main-container .pagenav-wrap .pagination .pagination-page li.text a:hover {\n  color: inherit;\n}\n.product-view .product-options-bottom {\n  border-bottom: 1px solid #ebebeb;\n}\n.template-blog .blog-wrapper .owl-dots {\n  bottom: 0;\n}\n.owl-dots .owl-dot.active span {\n  background-color: #2b2b2d;\n}\n.featured-brands .owl-nav i {\n  color: #3a3a3c;\n}\n.featured-brands .owl-nav i.icon-chevron-left::before {\n  content: \"\\e829\";\n}\n.featured-brands .owl-nav i.icon-chevron-right:before {\n  content: \"\\e828\";\n}\n.footer-wrapper .footer-top .input-group button:hover{\n  opacity: 1;\n}\nol {\n  list-style: disc outside;\n  padding-left: 1.5em;\n}\n.products .product-col:hover .product-inner {\n    box-shadow: 0 5px 25px 0 rgba(0,0,0,.1);\n}\n.products .product-col:hover .product-image {\n    box-shadow: none;\n}\n.porto-products .products-slider .owl-carousel {\n    padding-top: 0;\n}\n.section-title {\ncolor: #313131;\n}\n.products-slider .owl-carousel .product {\n    margin-bottom: 25px;\n    margin-top: 10px;\n}","custom_style_2":"@media(max-width: 767px){\n.homepage-bar [class^=\"col-lg-\"]{\ntext-align: left;\n}\n.sticky-product .sticky-detail{\nwidth: 70%;\n}\n}\n@media(min-width: 768px){\n.footer-wrapper .footer-middle ul.footer-list .item {\nwidth: 50%;\n}\n}","checkout_header_image":"","checkout_logo_image":"","checkout_logo_position":"left","checkout_logo_size":"medium","checkout_body_background_image":"","checkout_body_background_color":"#fff","checkout_input_background_color_mode":"white","checkout_sidebar_background_image":"","checkout_sidebar_background_color":"#fafafa","checkout_heading_font":"Helvetica Neue","checkout_body_font":"Helvetica Neue","checkout_accent_color":"#0083c1","checkout_button_color":"#0083c1","checkout_error_color":"#ff6d6d","product_sidebar_display":true,"product_sidebar_content":"<div>\n<i class=\"icon-shipped\"><\/i><h3>FREE<br>SHIPPING<\/h3>\n<\/div>\n<div>\n<i class=\"icon-us-dollar\"><\/i><h3>100% MONEY<br>BACK GUARANTEE<\/h3>\n<\/div>\n<div>\n<i class=\"icon-online-support\"><\/i><h3>ONLINE<br>SUPPORT 24\/7<\/h3>\n<\/div>","sidebar_banner1_enable":true,"sidebar_banner1":"shopify:\/\/shop_images\/sidebar-banner.jpg","product_sidebar_banner_link_1":"","sidebar_banner2_enable":false,"sidebar_banner2":"","product_sidebar_banner_link_2":"","sidebar_banner3_enable":false,"sidebar_banner3":"","product_sidebar_banner_link_3":"","sidebar_product_title":"Bestseller Products","bestseller_product_enable":true,"sidebar_product":"","sidebar_product_limit":"9","disable_sidebar_category":false,"sidebar_collection_style":"1","collection_sidebar_menu_use":true,"sidebar_menu_categories":"collection-sidebar-menu","sidebar_collection_user":true,"sidebar_collection_title":"Featured","sidebar_collection":"","sidebar_collection_limit":"6","html_siderbar_collection":"<h2>Custom HTML Block<\/h2>\r\n<h5>This is a custom sub-title.<\/h5>\r\n<p>Lorem ipsum dolor sit amet, consectetur adipiscing elit. Cras non placerat mi. Etiam non tellus <\/p>","related_product_autoplay":"","related_product_show_paging":true,"related_product_show_nav":false,"related_product_nav_prev":"<i class=\"icon-left-open\"><\/i>","related_product_nav_next":"<i class=\"icon-right-open\"><\/i>","related_product_column":"5","related_product_carousel":true,"style_product_view":"4","move_product_name":false,"collection_actions":true,"collection_flex_grid":false,"collection_show_quantity":true,"collection_move_actions":false,"product_sample_vendor":false,"product_color_swatches_enable":true,"onepage_move_action":false,"show_notice":"no","notice_text_1":"<span style=\"color: #fff; font-size: 16px; font-family: Georgia; line-height: 30px;\"><b>SALE:<\/b> use coupon code <b>PORTO<\/b> to save 30%<\/span>","notice_text_2":"<p style=\"margin: 0; color: #fff; font-family: Georgia; font-size: 15px; font-weight: 700; line-height: 15px;\">Be the First to Know<\/p>\r\n          <p style=\"margin: 0; font-size: 12px; color: #a7a7a7; line-height: 15px;\">Sign up for newsletter today.<\/p>","custom_header":"1","header_background_basic_color":"#fff","sticky_header_background_basic_color":"#fff","header_background_image_use":false,"header_border_color":"#008acc","header_text_basic_color":"#777","header_links_color":"#008acc","wishlist_enable":true,"wishlist_page":"","cart_notes_enable":true,"enable_rtl":"no","custom_color_prd_page":"no","add_to_cart_bg_color":"#000","addtocart_hover_bg_color":"#000","atc_font_color":"#fff","atc_hover_font_color":"#fff","atc_icon_font_color":"#fff","atc_icon_hover_font_color":"#fff","price_font_color":"#000","sale_price_color":"#000","rtl":"no","time_lazy_load":"100","custom":"1","about_page_heading":"upload","about_page_heading_height":"370","instagram_accesstoken":"","instagram_user_id":"","instagram_limit":"3","name":"","newsletter_logo_use":true,"hide_single_smallthumb ":"1","collection_color_swatch":true,"collection_toolbar_filter":false,"flag_icon_1":"shopify:\/\/shop_images\/demo1_en.png","flag_icon_2":"shopify:\/\/shop_images\/demo1_fr.png","sections":{"footer":{"type":"footer","settings":{"fixed_position_footer_enabled":"no","footer_top_enabled":"yes","footer_top_style":"2","footer_top_block":"custom_block","footer_top_custom_1":"<h3 style=\"color: #fff; text-align: left; font-size: 18px; line-height: 35px; margin: 0;\">Start Selling Today, Buy Porto eCommerce<\/h3>","footer_top_custom_2":"<h4 style=\"color: #fff; text-align: left; font-size: 16px;line-height: 1;margin:0;\">Be the First to Know<br>\n<\/h4><p style=\"font-size: 13px;font-weight: 400; margin: 0;line-height:1.5\">Sign up for newsletter today.<\/p>","footer_top_custom_enable":false,"footer_top_custom":"<div class=\"social-icons\">\n        <a href=\"#\"><i class=\"fa fa-facebook\" aria-hidden=\"true\"><\/i><\/a>\n        <a href=\"#\"><i class=\"fa fa-twitter\" aria-hidden=\"true\"><\/i><\/a>\n        <a href=\"#\"><i class=\"fa fa-linkedin\" aria-hidden=\"true\"><\/i><\/a>\n      <\/div>","footer_newsletter_heading":"BE THE FIRST TO KNOW","footer_newsletter_content":"Get all the latest information on Events, Sales and Offers.<br>Sign up for newsletter today.","footer_top_custom_3":"","footer_middle_enabled":"yes","footer_ribbon_enabled":"no","footer_ribbon_text":"Ribbon Text","footer_middle_column_1":"custom_block","footer_column_1_heading":"Contact Information","column_content_1":"static_block_id","footer_column_linklist1":"","footer_middle_column_1_custom":"<ul class=\"contact-info\" style=\"padding-top: 7px;\">\n            <li><p><b style=\"color: #fff;text-transform:uppercase;\">Address<\/b><br>123 Street Name, City, England<\/p><\/li>\n            <li><p><b style=\"color: #fff;text-transform:uppercase;\">Phone<\/b><br>(123) 456-7890<\/p><\/li>\n            <li><p><b style=\"color: #fff;text-transform:uppercase;\">Email<\/b><br><a href=\"mailto:mail@example.com\">mail@example.com<\/a><\/p><\/li>\n        <\/ul>","collection_product_linklist1":"","footer_middle_column_1_size":"3","footer_middle_column_2":"custom_block","footer_column_2_heading":"","column_content_2":"static_block_id","footer_column_linklist2":"","footer_middle_column_2_custom":"<div class=\"widget-wrapper\">                    \n  <div class=\"block_content\">\n    <div class=\"row\">\n      <div class=\"col-md-12\">\n         <div class=\"block-right\">\n           <div class=\"row\"> \n             <div class=\"col-md-5\">\n               <div class=\"block\">\n                 <div class=\"block-title footer-block-title\">\n                   <h3>\n                     <span>\n                       <span>MY ACCOUNT<\/span>\n                     <\/span>\n                   <\/h3>\n                 <\/div>\n                 <div class=\"block-content\">\n                   <div class=\"row\">\n                     <ul class=\"links footer-list\">\n                     <div class=\"item\" style=\"float:left;paddding-right:15px;padding-left:15px;\">\n                       <li class=\"theme-color\">\n                         <a href=\"\/pages\/about-us\"> \n                           <span>About us<\/span>\n                         <\/a>\n                       <\/li>\n                       <li class=\"theme-color\">\n                         <a href=\"\/pages\/contact\"> \n                           <span>Contact us<\/span>\n                         <\/a>\n                       <\/li>\n                       <li class=\"theme-color\">\n                         <a href=\"\/\"> \n                           <span>My Account<\/span>\n                         <\/a>\n                       <\/li>\n                     <\/div>\n                     <div class=\"item\" style=\"float:left;paddding-right:15px;padding-left:15px;\">\n                       <li class=\"theme-color\">\n                         <a href=\"\/\"> \n                           <span>Order history<\/span>\n                         <\/a>\n                       <\/li>\n                       <li class=\"theme-color\">\n                         <a href=\"\/\"> \n                           <span>Advanced search<\/span> \n                         <\/a>\n                       <\/li>\n                       <li class=\"theme-color\">\n                         <a href=\"\/\"> \n                           <span>Login<\/span>\n                         <\/a>\n                       <\/li>\n                     <\/div>\n                     <\/ul>\n                   <\/div>\n                 <\/div>\n               <\/div>\n             <\/div>\n             <div class=\"col-md-7\">\n               <div class=\"block\">\n                 <div class=\"block-title footer-block-title\">\n                   <h3>\n                     <span>\n                       <span>Main Features<\/span>\n                     <\/span>\n                   <\/h3>\n                 <\/div>\n                 <div class=\"block-content\">\n                   <div class=\"row\">\n                     <ul class=\"links footer-list\">\n                     <div class=\"item\" style=\"float:left;paddding-right:15px;padding-left:15px;\"> \n                     <li class=\"theme-color\">                                 \n                       <a href=\"\/\"> \n                         <span>Super Fast Shopify Theme<\/span>\n                       <\/a>\n                     <\/li>\n                     <li class=\"theme-color\">                                 \n                       <a href=\"\/\"> \n                         <span>1st Fully working Ajax Theme<\/span>\n                       <\/a>\n                     <\/li>\n                     <li class=\"theme-color\">                                 \n                       <a href=\"\/\"> \n                         <span>10 Unique Homepage Layouts<\/span>\n                       <\/a>\n                     <\/li>\n                     <\/div>\n                     <div class=\"item\" style=\"float:left;paddding-right:15px;padding-left:15px;\"> \n                     <li class=\"theme-color\">                                 \n                       <a href=\"\/\"> \n                         <span>Powerful Admin Panel<\/span> \n                       <\/a>\n                     <\/li>\n                     <li class=\"theme-color\">                                 \n                       <a href=\"\/\"> \n                         <span>Mobile &amp; Retina Optimized<\/span>\n                       <\/a>\n                     <\/li> \n                     <\/div> \n                   <\/ul>\n                   <\/div>\n                 <\/div>\n               <\/div>\n             <\/div>\n           <\/div>\n         <\/div>\n      <\/div>\n    <\/div>\n    <div class=\"row\">\n      <div class=\"col-md-12\">\n        <div class=\"block-bottom\">\n          <div class=\"row\"> \n            <div class=\"col-lg-5\">\n              <address style=\"font-size:13px;margin:0;line-height:1.42857143\">\n                <span>Porto eCommerce. © 2019. All Rights Reserved<\/span>  \n              <\/address>\n            <\/div>\n            <div class=\"col-lg-7\">\n              <div class=\"working\" style=\"display: inline-block;vertical-align: middle;padding-right: 8px;\">\n                <div><span>Working Days\/Hours<br><b>Mon - Sun \/ 9:00AM - 8:00PM<\/b><\/span><\/div>\n              <\/div>\n              <div class=\"custom-block\" style=\"display: inline-block;vertical-align: middle;\">\n                <div><img data-src=\"https:\/\/cdn.shopify.com\/s\/files\/1\/1613\/0113\/files\/payment-icon.png?10926592366744499709\" style=\"max-width: 100%;\" alt=\"\"><\/div>                      \n              <\/div>\n            <\/div>\n          <\/div>\n        <\/div>\n      <\/div>\n    <\/div>\n  <\/div>\n<\/div>","collection_product_linklist2":"","footer_middle_column_2_size":"9","footer_middle_column_3":"do_not_show","footer_column_3_heading":"Main Features","column_content_3":"static_block_id","footer_column_linklist3":"","footer_middle_column_3_custom":"<ul class=\"features\">\r\n  <li class=\"theme-color\">\r\n    <i class=\"icon-ok theme-color\"><\/i>\r\n    <a href=\"#\">Super Fast Shopify Theme<\/a>\r\n  <\/li>\r\n  <li class=\"theme-color\">\r\n    <i class=\"icon-ok  theme-color\"><\/i>\r\n    <a href=\"#\">1st Fully working Ajax Theme<\/a>\r\n  <\/li>\r\n  <li class=\"theme-color\">\r\n    <i class=\"icon-ok  theme-color\"><\/i>\r\n    <a href=\"#\">10 Unique Homepage Layouts<\/a>\r\n  <\/li>\r\n  <li class=\"theme-color\">\r\n    <i class=\"icon-ok  theme-color\"><\/i>\r\n    <a href=\"#\">Powerful Admin Panel<\/a>\r\n  <\/li>\r\n  <li class=\"theme-color\">\r\n    <i class=\"icon-ok  theme-color\"><\/i>\r\n    <a href=\"#\">Mobile & Retina Optimized<\/a>\r\n  <\/li>\r\n<\/ul>","collection_product_linklist3":"","footer_middle_column_3_size":"3","footer_middle_column_4":"do_not_show","footer_column_4_heading":"Be the First to Know","column_content_4":"static_block_id","footer_column_linklist4":"","footer_middle_column_4_custom":"<ul class=\"contact-info\">\r\n  <li>\r\n    <i class=\"icon-location\"> <\/i>\r\n    <p><b>Address:<\/b><br>\r\n      123 Street Name, City, England<\/p>\r\n  <\/li>\r\n  <li>\r\n    <i class=\"icon-phone\"> <\/i>\r\n    <p>\r\n      <b>Phone:<\/b><br>\r\n      (123)456-7890<\/p>\r\n  <\/li>\r\n  <li>\r\n    <i class=\"icon-mail\"> <\/i>\r\n    <p>\r\n      <b>Email:<\/b><br>\r\n      <a href=\"#\">mail@example.com<\/a><\/p>\r\n  <\/li>\r\n  <li>\r\n<i class=\"icon-clock\"> <\/i>\r\n    <p><b>Working Days\/Hours:<\/b><br>Mon - Sun \/ 9:00AM - 8:00PM<\/p>\r\n  <\/li>\r\n<\/ul>","collection_product_linklist4":"","footer_middle_column_4_size":"3","footer_middle_column_5":"do_not_show","footer_column_5_heading":"","column_content_5":"linkslist","footer_column_linklist5":"","footer_middle_column_5_custom":"","collection_product_linklist5":"","footer_middle_column_5_size":"3","footer_middle_column_6":"do_not_show","footer_column_6_heading":"","column_content_6":"linkslist","footer_column_linklist6":"","footer_middle_column_6_custom":"","collection_product_linklist6":"","footer_middle_column_6_size":"3","footer_middle_2_enabled":"no","footer_middle_2_column_1":"custom_block","footer_column_2_1_heading":"My Account | Mon compte","column_content_2_1":"linkslist","footer_column_2_linklist1":"","footer_middle_2_column_1_custom":"Get all the latest information on Events,","footer_middle_2_column_1_size":"3","footer_middle_2_column_2":"custom_block","footer_column_2_2_heading":"Contact Information  |  Coordonnées","column_content_2_2":"linkslist","footer_column_2_linklist2":"","footer_middle_2_column_2_custom":"","footer_middle_2_column_2_size":"3","footer_middle_2_column_3":"custom_block","footer_column_2_3_heading":"Main Features  | Main Features","column_content_2_3":"linkslist","footer_column_2_linklist3":"","footer_middle_2_column_3_custom":"","footer_middle_2_column_3_size":"3","footer_middle_2_column_4":"custom_block","footer_column_2_4_heading":"Be the First to Know  | Be the First to Know","column_content_2_4":"static_block_id","footer_column_2_linklist4":"","footer_middle_2_column_4_custom":"<ul class=\"contact-info\">\r\n  <li>\r\n    <i class=\"icon-location\"> <\/i>\r\n    <p>123 Street Name, City, England<\/p>\r\n  <\/li>\r\n  <li>\r\n    <i class=\"icon-phone\"> <\/i>\r\n    <p>(123)456-7890<\/p>\r\n  <\/li>\r\n  <li>\r\n    <i class=\"icon-mail\"> <\/i>\r\n    <p><a href=\"#\">mail@example.com<\/a><\/p>\r\n  <\/li>\r\n<\/ul>","footer_middle_2_column_4_size":"3","footer_bottom_enabled":"no","show_logo_bottom":true,"footer_logo":"","footer_bottom_socialicons":"yes","socialicons_content":"<a href=\"#\"><i class=\"fa fa-facebook\" aria-hidden=\"true\"><\/i><\/a>\r\n<a href=\"#\"><i class=\"fa fa-twitter\" aria-hidden=\"true\"><\/i><\/a>\r\n<a href=\"#\"><i class=\"fa fa-linkedin-square\" aria-hidden=\"true\"><\/i><\/a>","copyrights":"&copy;Copyright 2019 by Porto. All Rights Reserved.","footer_bottom_custom_block":"yes","footer_bottom_custom_block_id":"<img data-src=\"\/\/cdn.shopify.com\/s\/files\/1\/1559\/5181\/t\/2\/assets\/payments.png\">","footer_bottom_custom_block_2":"no","footer_bottom_custom_block_id_2":"<img data-src=\"\/\/cdn.shopify.com\/s\/files\/1\/1559\/5181\/t\/2\/assets\/payments.png\">"}},"1495691614906":{"type":"slideshow-section","blocks":{"1495691614906-0":{"type":"image","settings":{"background_image":"shopify:\/\/shop_images\/slide-1.jpg","background_image_use":"1","image":"","image_use":"0","lazy_back_color":"#bce3f2","show_content":true,"content_style":"demo5","content_pos":"left","main_title":"<span style=\"border-color:#a2ccd7;\"><\/span>80% off for select items","sub_title":"<span style=\"background-color: #bce3f2\">fashion mega sale<\/span>","button_title":"Shop Now","link_slider":"shopify:\/\/collections\/fashion","content":""}},"1495691614906-1":{"type":"image","settings":{"background_image":"shopify:\/\/shop_images\/slide-2.jpg","background_image_use":"1","image":"","image_use":"0","lazy_back_color":"#bce3f2","show_content":true,"content_style":"demo5","content_pos":"right","main_title":"up to 70% off","sub_title":"women’s hats","button_title":"Shop Now","link_slider":"shopify:\/\/collections\/new-products","content":""}}},"block_order":["1495691614906-0","1495691614906-1"],"settings":{"margin_top":"","margin_bottom":"","section_padding":"","slide_layout":"fullwidth","slide_transition":"slide","auto_speed":"5000","show_paging":true,"show_nav":false,"nav_prev":"<i class=\"icon-chevron-left\"><\/i>","nav_next":"<i class=\"icon-chevron-right\"><\/i>","copyright":"","html":"","extra_class":""}},"1495910571031":{"type":"text-section","blocks":{"1495910571031-0":{"type":"item-block","settings":{"item_title":"FREE SHIPPING &amp; RETURN","item_icon":"icon-shipping","item_text":"Free shipping on all orders over $99."}},"1495910571031-1":{"type":"item-block","settings":{"item_title":"MONEY BACK GUARANTEE","item_icon":"icon-money","item_text":"100% money back guarantee."}},"1495910571031-2":{"type":"item-block","settings":{"item_title":"ONLINE SUPPORT 24\/7","item_icon":"icon-support","item_text":"Lorem ipsum dolor sit amet."}}},"block_order":["1495910571031-0","1495910571031-1","1495910571031-2"],"settings":{"bg_section_color":"#fff","margin_top":"","margin_bottom":"","section_padding":"","icon_content_color":"#465157","text_content_color":"#465157","border_color_block":""}},"1495910724011":{"type":"text-section2","blocks":{"1495910724011-0":{"type":"item-block","settings":{"item_title":"CUSTOMER SUPPORT","item_icon":"icon-earphones-alt","item_text":"<em>You Won't Be Alone<\/em>\n          <p>We really care about you and your website as much as you do. Purchasing Porto or any other theme from us you get 100% free support.<\/p>","item_link_text":"","item_link":""}},"1495910724011-1":{"type":"item-block","settings":{"item_title":"FULLY CUSTOMIZABLE","item_icon":"icon-credit-card","item_text":"<em>Tons Of Options<\/em>\n          <p>With Porto you can customize the layout, colors and styles within only a few minutes. Start creating an amazing website right now!<\/p>","item_link_text":"","item_link":""}},"1495910724011-2":{"type":"item-block","settings":{"item_title":"POWERFUL ADMIN","item_icon":"icon-action-undo","item_text":"<em>Made To Help You<\/em>\n          <p>Porto has very powerful admin features to help customer to build their own shop in minutes without any special skills in web development.<\/p>","item_link_text":"","item_link":""}}},"block_order":["1495910724011-0","1495910724011-1","1495910724011-2"],"settings":{"bg_section_color":"#f7f7f7","margin_top":"","margin_bottom":"","section_padding":"28px 0 25px 0","icon_color":"#08c","border_icon_color":"rgba(0,0,0,0)","title_color":"#2b2b2d","text_color":"#465157","button_bg_color":"","button_text_color":"","border_icon_radius":""}},"1495910758816":{"type":"parallax-slider","blocks":{"1495910758816-0":{"type":"text","settings":{"text_slide_1":"<h2 style=\"font-weight:400;\">fashion show collection<\/h2>","text_slide_2":"","button_content":"Shop Now","link":""}},"1495910758816-1":{"type":"text","settings":{"text_slide_1":"<h2 style=\"font-weight:400;\">fashion show collection<\/h2>","text_slide_2":"","button_content":"Shop Now","link":""}},"1495910758816-2":{"type":"text","settings":{"text_slide_1":"<h2 style=\"font-weight:400;\">fashion show collection<\/h2>","text_slide_2":"","button_content":"Shop Now","link":""}}},"block_order":["1495910758816-0","1495910758816-1","1495910758816-2"],"settings":{"margin_top":"","margin_bottom":"","section_padding":"","text_1_color":"#fff","text_2_color":"#fff","text_buton_color":"#fff","text_buton_hover_color":"#fff","image":"shopify:\/\/shop_images\/parallax_b6ec4f30-5b20-4c78-b7ab-4fcba34b736e.jpg","autoplay":"5000","paging":false}},"1495910791308":{"type":"collection-brands","blocks":{"1495910791308-0":{"type":"image","settings":{"image":"shopify:\/\/shop_images\/brand1_166x63_cdcd7a7a-3f13-46e5-a80c-63b0c16fb636.jpg","link":""}},"1495910791308-1":{"type":"image","settings":{"image":"shopify:\/\/shop_images\/brand2_d1296961-b252-4d6e-8ad2-234d0fa44af3.jpg","link":""}},"1495910791308-2":{"type":"image","settings":{"image":"shopify:\/\/shop_images\/brand4_27220f4b-2929-49bb-a753-646ead7a8e02.jpg","link":""}},"1495910791308-3":{"type":"image","settings":{"image":"shopify:\/\/shop_images\/brand5_b7615888-d4c8-4799-b117-d5060c4df962.jpg","link":""}},"1495910791308-4":{"type":"image","settings":{"image":"shopify:\/\/shop_images\/brand3_8ab10cc0-647b-4a7c-a423-c67c68cf8fdd.jpg","link":""}},"1538581128920":{"type":"image","settings":{"image":"shopify:\/\/shop_images\/brand4_166x63_a7af4882-2e73-4e59-871a-9c8d7d605571.jpg","link":""}}},"block_order":["1495910791308-0","1495910791308-1","1495910791308-2","1495910791308-3","1495910791308-4","1538581128920"],"settings":{"margin_top":"25px","margin_bottom":"","section_padding":"","title_visible":"true","title_color":"#313131","title":"","autoplay":"5000","columns":"6","margin":"30","paging":false,"navigation":true,"prev":"<i class=\"icon-chevron-left\"><\/i>","next":"<i class=\"icon-chevron-right\"><\/i>"}},"1495910820801":{"type":"blog-posts","settings":{"bg_section_color":"#f4f4f4","title_section_color":"#313131","margin_top":"","margin_bottom":"","section_padding":"28px 0px 55px 0px","posts_title_color":"#000","posts_day_color":"#fff","posts_bg_day":"#08c","posts_month_color":"#fff","posts_bg_month":"#008acc","posts_desc_color":"#777","posts_readmore_color":"#fff","button_text_hover_color":"#fff","background_button_color":"#272525","background_hover_button_color":"#312f2f","type_blog_post":"2","title_type":"0","aspect_ratio":true,"img_size":"400x400","title":"FROM THE BLOG","blog":"news","post_limit":"4","blog_column":"2","blog_autoplay":"","blog_show_paging":false,"blog_show_nav":false,"blog_nav_prev":"<i class=\"icon-chevron-left\"><\/i>","blog_nav_next":"<i class=\"icon-chevron-right\"><\/i>","blog_item_margin":"30"}},"1497454086555":{"type":"banner-grid","blocks":{"1497454086555-0":{"type":"image","settings":{"extra_class":"","column_width_desktop":"4","column_width_tablet":"6","column_width_mobile":"12","column_hidden_tablet":false,"column_hidden_mobile":false,"banner_image":"shopify:\/\/shop_images\/image_1n_370x183_8052079d-6507-4cea-8671-dac42c0a276e.png","banner_link":"","img_content":"","content_position":"left"}},"1497454086555-1":{"type":"image","settings":{"extra_class":"","column_width_desktop":"4","column_width_tablet":"6","column_width_mobile":"12","column_hidden_tablet":false,"column_hidden_mobile":false,"banner_image":"shopify:\/\/shop_images\/image_2n_370x183_c19753dd-9927-453f-af38-d63f5b2c46c9.png","banner_link":"","img_content":"","content_position":"left"}},"1497454086555-2":{"type":"image","settings":{"extra_class":"","column_width_desktop":"4","column_width_tablet":"6","column_width_mobile":"12","column_hidden_tablet":false,"column_hidden_mobile":false,"banner_image":"shopify:\/\/shop_images\/image_3n_370x183_b2afacfc-9da6-49da-872f-f18634a4f6fc.png","banner_link":"","img_content":"","content_position":"left"}}},"block_order":["1497454086555-0","1497454086555-1","1497454086555-2"],"settings":{"margin_top":"","margin_bottom":"","section_padding":"24px 0 24px 0","el_class":"","section_title":"","banner_space":"30px","space_banner":"15"}},"header-toplink-menu":{"type":"header-toplink-menu","blocks":{"1521138729373":{"type":"html","settings":{"html":"WELCOME TO PORTO!"}},"1521138733641":{"type":"menu_item","settings":{"title":"My Account","button_link":"\/account"}},"1521138760368":{"type":"menu_item","settings":{"title":"Daily Deal","button_link":"shopify:\/\/collections\/daily-deal"}},"1521138771665":{"type":"menu_wishlist","settings":{"title":"My Wishlist"}},"1521138782060":{"type":"menu_item","settings":{"title":"Blog","button_link":"shopify:\/\/blogs\/news"}},"1521138790991":{"type":"menu_login","settings":{"title":"Login"}}},"block_order":["1521138729373","1521138733641","1521138760368","1521138771665","1521138782060","1521138790991"],"settings":{}},"search-by-category":{"type":"search-by-category","blocks":{"1521141877120":{"type":"collection","settings":{"collection":"fashion"}},"1521141903951":{"type":"collection","settings":{"collection":"electronics"}},"1521141913716":{"type":"collection","settings":{"collection":""}},"1521141926835":{"type":"collection","settings":{"collection":""}},"1521141936013":{"type":"collection","settings":{"collection":""}}},"block_order":["1521141877120","1521141903951","1521141913716","1521141926835","1521141936013"],"settings":{"select_collection":"1"}},"product-page-tab":{"type":"product-page-tab","blocks":{"1521493595274":{"type":"description","settings":{"title":"Description"}},"1521493597293":{"type":"review","settings":{"title":"Reviews","use_count_reviews":true}},"1521493600237":{"type":"additional","settings":{"title":"Additional Information"}},"1521493602315":{"type":"size_chart","settings":{"title":"Size Chart","size_chart_image":"","code":"<div class=\"row\">\n<div class=\"col-lg-4 text-center\"><img data-src=\"\/\/cdn.shopify.com\/s\/files\/1\/1632\/5913\/files\/size_guide.png\"><\/div>\n<div class=\"col-lg-8\"><table class=\"sizes-table\">\n<thead><tr>\n<th>size<\/th>\n<th>chest(in.)<\/th>\n<th>waist(in.)<\/th>\n<th>hips(in.)<\/th>\n<\/tr><\/thead>\n<tbody>\n<tr>\n<th>XS<\/th>\n<td>34-36<\/td>\n<td>27-29<\/td>\n<td>34.5-36.5<\/td>\n<\/tr>\n<tr>\n<th>S<\/th>\n<td>36-38<\/td>\n<td>29-31<\/td>\n<td>36.5-38.5<\/td>\n<\/tr>\n<tr>\n<th>M<\/th>\n<td>38-40<\/td>\n<td>31-33<\/td>\n<td>38.5-40.5<\/td>\n<\/tr>\n<tr>\n<th>L<\/th>\n<td>40-42<\/td>\n<td>33-36<\/td>\n<td>40.5-43.5<\/td>\n<\/tr>\n<tr>\n<th>XL<\/th>\n<td>42-45<\/td>\n<td>36-40<\/td>\n<td>43.5-47.5<\/td>\n<\/tr>\n<tr>\n<th>XXL<\/th>\n<td>45-48<\/td>\n<td>40-44<\/td>\n<td>47.5-51.5<\/td>\n<\/tr>\n<\/tbody>\n<\/table><\/div>\n<\/div>"}},"1521493616064":{"type":"html","settings":{"title":"Shipping & Delivery","code":"Lorem ipsum dolor sit amet, consectetur adipiscing elit, sed do eiusmod tempor incididunt ut labore et dolore magna aliqua. Ut enim ad minim veniam, quis nostrud exercitation ullamco laboris nisi ut aliquip ex ea commodo consequat. Duis aute irure dolor in reprehenderit in voluptate velit esse cillum dolore eu fugiat nulla pariatur. Excepteur sint occaecat cupidatat non proident, sunt in culpa qui officia deserunt mollit anim id est laborum."}}},"block_order":["1521493595274","1521493597293","1521493600237","1521493602315","1521493616064"],"settings":{}},"product-page-tab-custom":{"type":"product-page-tab-custom","blocks":{"1533810929610":{"type":"description","settings":{"title":"Description"}},"1533810932511":{"type":"review","settings":{"title":"Reviews","use_count_reviews":true}},"1533810935621":{"type":"size_chart","settings":{"title":"Size Chart","size_chart_image":"","code":"<div class=\"row\">\n<div class=\"col-lg-4 text-center\"><img data-src=\"\/\/cdn.shopify.com\/s\/files\/1\/1632\/5913\/files\/size_guide.png\"><\/div>\n<div class=\"col-lg-8\"><table class=\"sizes-table\">\n<thead><tr>\n<th>size<\/th>\n<th>chest(in.)<\/th>\n<th>waist(in.)<\/th>\n<th>hips(in.)<\/th>\n<\/tr><\/thead>\n<tbody>\n<tr>\n<th>XS<\/th>\n<td>34-36<\/td>\n<td>27-29<\/td>\n<td>34.5-36.5<\/td>\n<\/tr>\n<tr>\n<th>S<\/th>\n<td>36-38<\/td>\n<td>29-31<\/td>\n<td>36.5-38.5<\/td>\n<\/tr>\n<tr>\n<th>M<\/th>\n<td>38-40<\/td>\n<td>31-33<\/td>\n<td>38.5-40.5<\/td>\n<\/tr>\n<tr>\n<th>L<\/th>\n<td>40-42<\/td>\n<td>33-36<\/td>\n<td>40.5-43.5<\/td>\n<\/tr>\n<tr>\n<th>XL<\/th>\n<td>42-45<\/td>\n<td>36-40<\/td>\n<td>43.5-47.5<\/td>\n<\/tr>\n<tr>\n<th>XXL<\/th>\n<td>45-48<\/td>\n<td>40-44<\/td>\n<td>47.5-51.5<\/td>\n<\/tr>\n<\/tbody>\n<\/table><\/div>\n<\/div>"}},"1533810939652":{"type":"html","settings":{"title":"Shipping & Delivery","code":"Lorem ipsum dolor sit amet, consectetur adipiscing elit, sed do eiusmod tempor incididunt ut labore et dolore magna aliqua. Ut enim ad minim veniam, quis nostrud exercitation ullamco laboris nisi ut aliquip ex ea commodo consequat. Duis aute irure dolor in reprehenderit in voluptate velit esse cillum dolore eu fugiat nulla pariatur. Excepteur sint occaecat."}}},"block_order":["1533810929610","1533810932511","1533810935621","1533810939652"],"settings":{}},"product-page-custom-html":{"type":"product-page-custom-html","blocks":{"1533811299430":{"type":"custom_html","settings":{"margin_top":"30px","margin_bottom":"-50px","padding":"","title":"Men Striped Dope Crew Socks","product_id":"men-striped-dope-crew-socks","content":"<div class=\"fullwidth-row\" style=\"background-color: #f4f4f4; padding: 100px 0;\"><div class=\"container\"><div class=\"row\">\n<div class=\"col-lg-4\">\n<div style=\"overflow:hidden;\">\n<h3 style=\"font-size: 20px; color: #21293c;position: relative;display: inline-block;font-weight:700;line-height:32px;margin-bottom:20px;\">INCREDIBLE QUALITY<span style=\"position: absolute;border-top: 1px solid #21293c;top: 50%;margin-top: -0.5px;left: 100%;margin-left: 25px;width: 50vw;\"><\/span>\n<\/h3>\n<p style=\"line-height:24px;margin-bottom:20px;font-size:14px;\">Sed do eiusmod tempor incididunt ut labore et dolore magna aliqua. Ut enim ad minim veniam, quis nostrud exercitation ullamco laboris nisi ut aliquip ex ea commodo<\/p>\n<\/div>\n<div style=\"overflow:hidden;\">\n<h3 style=\"font-size: 20px; color: #21293c;position: relative;display: inline-block;font-weight:700;line-height:32px;margin-bottom:20px;\">ADVANCED SOUND<span style=\"position: absolute;border-top: 1px solid #21293c;top: 50%;margin-top: -0.5px;left: 100%;margin-left: 25px;width: 50vw;\"><\/span>\n<\/h3>\n<p style=\"line-height:24px;margin-bottom:20px;font-size:14px;\">Sed do eiusmod tempor incididunt ut labore et dolore magna aliqua. Ut enim ad minim veniam, quis nostrud exercitation ullamco laboris nisi ut aliquip ex ea commodo<\/p>\n<\/div>\n<\/div>\n<div class=\"col-lg-4 a-center\"><img data-src=\"\/\/cdn.shopify.com\/s\/files\/1\/1632\/5913\/files\/shop1_sticky_both_info_bottom-1.jpg\" alt=\"\" style=\"max-width: 100%;\"><\/div>\n<div class=\"col-lg-4 text-right\">\n<div style=\"overflow:hidden;\">\n<h3 style=\"font-size: 20px; color: #21293c;position: relative;display: inline-block;font-weight:700;line-height:32px;margin-bottom:20px;\">\n<span style=\"position: absolute;border-top: 1px solid #21293c;top: 50%;margin-top: -0.5px;right: 100%;margin-right: 25px;width: 50vw;\"><\/span>ULTRA BOOST<\/h3>\n<p style=\"line-height:24px;margin-bottom:20px;font-size:14px;\">Sed do eiusmod tempor incididunt ut labore et dolore magna aliqua. Ut enim ad minim veniam, quis nostrud exercitation ullamco laboris nisi ut aliquip ex ea commodo<\/p>\n<\/div>\n<div style=\"overflow:hidden;\">\n<h3 style=\"font-size: 20px; color: #21293c;position: relative;display: inline-block;font-weight:700;line-height:32px;margin-bottom:20px;\">\n<span style=\"position: absolute;border-top: 1px solid #21293c;top: 50%;margin-top: -0.5px;right: 100%;margin-right: 25px;width: 50vw;\"><\/span>NOISE REDUCTION<\/h3>\n<p style=\"line-height:24px;margin-bottom:20px;font-size:14px;\">Sed do eiusmod tempor incididunt ut labore et dolore magna aliqua. Ut enim ad minim veniam, quis nostrud exercitation ullamco laboris nisi ut aliquip ex ea commodo<\/p>\n<\/div>\n<\/div>\n<\/div><\/div><\/div>"}},"1534272054475":{"type":"custom_html","settings":{"margin_top":"30px","margin_bottom":"-50px","padding":"","title":"Faux Leather Crisscross Slides","product_id":"faux-leather-crisscross-slides","content":"<div class=\"fullwidth-row\" style=\"background-color: #f4f4f4; padding: 100px 0;\"><div class=\"container\"><div class=\"row\">\n<div class=\"col-lg-4\">\n<div style=\"overflow:hidden;\">\n<h3 style=\"font-size: 20px; color: #21293c;position: relative;display: inline-block;font-weight:700;line-height:32px;margin-bottom:20px;\">INCREDIBLE QUALITY<span style=\"position: absolute;border-top: 1px solid #21293c;top: 50%;margin-top: -0.5px;left: 100%;margin-left: 25px;width: 50vw;\"><\/span>\n<\/h3>\n<p style=\"line-height:24px;margin-bottom:20px;font-size:14px;\">Sed do eiusmod tempor incididunt ut labore et dolore magna aliqua. Ut enim ad minim veniam, quis nostrud exercitation ullamco laboris nisi ut aliquip ex ea commodo<\/p>\n<\/div>\n<div style=\"overflow:hidden;\">\n<h3 style=\"font-size: 20px; color: #21293c;position: relative;display: inline-block;font-weight:700;line-height:32px;margin-bottom:20px;\">ADVANCED SOUND<span style=\"position: absolute;border-top: 1px solid #21293c;top: 50%;margin-top: -0.5px;left: 100%;margin-left: 25px;width: 50vw;\"><\/span>\n<\/h3>\n<p style=\"line-height:24px;margin-bottom:20px;font-size:14px;\">Sed do eiusmod tempor incididunt ut labore et dolore magna aliqua. Ut enim ad minim veniam, quis nostrud exercitation ullamco laboris nisi ut aliquip ex ea commodo<\/p>\n<\/div>\n<\/div>\n<div class=\"col-lg-4 a-center\"><img data-src=\"\/\/cdn.shopify.com\/s\/files\/1\/1632\/5913\/files\/shop1_sticky_both_info_bottom-1.jpg\" alt=\"\" style=\"max-width: 100%;\"><\/div>\n<div class=\"col-lg-4 text-right\">\n<div style=\"overflow:hidden;\">\n<h3 style=\"font-size: 20px; color: #21293c;position: relative;display: inline-block;font-weight:700;line-height:32px;margin-bottom:20px;\">\n<span style=\"position: absolute;border-top: 1px solid #21293c;top: 50%;margin-top: -0.5px;right: 100%;margin-right: 25px;width: 50vw;\"><\/span>ULTRA BOOST<\/h3>\n<p style=\"line-height:24px;margin-bottom:20px;font-size:14px;\">Sed do eiusmod tempor incididunt ut labore et dolore magna aliqua. Ut enim ad minim veniam, quis nostrud exercitation ullamco laboris nisi ut aliquip ex ea commodo<\/p>\n<\/div>\n<div style=\"overflow:hidden;\">\n<h3 style=\"font-size: 20px; color: #21293c;position: relative;display: inline-block;font-weight:700;line-height:32px;margin-bottom:20px;\">\n<span style=\"position: absolute;border-top: 1px solid #21293c;top: 50%;margin-top: -0.5px;right: 100%;margin-right: 25px;width: 50vw;\"><\/span>NOISE REDUCTION<\/h3>\n<p style=\"line-height:24px;margin-bottom:20px;font-size:14px;\">Sed do eiusmod tempor incididunt ut labore et dolore magna aliqua. Ut enim ad minim veniam, quis nostrud exercitation ullamco laboris nisi ut aliquip ex ea commodo<\/p>\n<\/div>\n<\/div>\n<\/div><\/div><\/div>"}}},"block_order":["1533811299430","1534272054475"],"settings":{}},"product-page-video":{"type":"product-page-video","blocks":{"1533810616627":{"type":"product_video","settings":{"margin_top":"0","margin_bottom":"-50px","padding":"100px 0 95px 0","title":"Classic Crew Neck Sweatshirt","product_id":"classic-crew-neck-sweatshirt","video_url":"\/\/player.vimeo.com\/video\/1084537?autoplay=1","content1":"Concept Film","content2":"WATCH","background_image":"shopify:\/\/shop_images\/shop1_extended_product_video.jpg","background_image_repeat":"no-repeat","background_size":"cover","background_attachment":"default","background_position":"center_center"}}},"block_order":["1533810616627"],"settings":{}},"product-page-video-fullwidth":{"type":"product-page-video-fullwidth","blocks":{"1533810763397":{"type":"product_video","settings":{"margin_top":"","margin_bottom":"-50px","padding":"100px 0 95px 0","title":"Faux Leather High-Top Sneakers","product_id":"faux-leather-high-top-sneakers","video_url":"\/\/player.vimeo.com\/video\/1084537?autoplay=1","background_image":"shopify:\/\/shop_images\/shop1_fullwidth_product_video.jpg","background_image_repeat":"no-repeat","background_size":"cover","background_attachment":"default","background_position":"center_center"}},"1534271762543":{"type":"product_video","settings":{"margin_top":"","margin_bottom":"-50px","padding":"100px 0 95px 0","title":"Classic Sunglasses","product_id":"classic-sunglasses","video_url":"\/\/player.vimeo.com\/video\/1084537?autoplay=1","background_image":"shopify:\/\/shop_images\/shop1_fullwidth_product_video.jpg","background_image_repeat":"no-repeat","background_size":"cover","background_attachment":"default","background_position":"center_center"}}},"block_order":["1533810763397","1534271762543"],"settings":{}},"product-page-tab-vertical":{"type":"product-page-tab-vertical","blocks":{"1533811479704":{"type":"description","settings":{"title":"Description"}},"1533811481978":{"type":"review","settings":{"title":"Reviews","use_count_reviews":true}},"1533811483997":{"type":"additional","settings":{"title":"Additional Information"}},"1533811486514":{"type":"size_chart","settings":{"title":"Size Chart","size_chart_image":"","code":"<div class=\"row\">\n<div class=\"col-lg-4 text-center\"><img data-src=\"\/\/cdn.shopify.com\/s\/files\/1\/1632\/5913\/files\/size_guide.png\"><\/div>\n<div class=\"col-lg-8\"><table class=\"sizes-table\">\n<thead><tr>\n<th>size<\/th>\n<th>chest(in.)<\/th>\n<th>waist(in.)<\/th>\n<th>hips(in.)<\/th>\n<\/tr><\/thead>\n<tbody>\n<tr>\n<th>XS<\/th>\n<td>34-36<\/td>\n<td>27-29<\/td>\n<td>34.5-36.5<\/td>\n<\/tr>\n<tr>\n<th>S<\/th>\n<td>36-38<\/td>\n<td>29-31<\/td>\n<td>36.5-38.5<\/td>\n<\/tr>\n<tr>\n<th>M<\/th>\n<td>38-40<\/td>\n<td>31-33<\/td>\n<td>38.5-40.5<\/td>\n<\/tr>\n<tr>\n<th>L<\/th>\n<td>40-42<\/td>\n<td>33-36<\/td>\n<td>40.5-43.5<\/td>\n<\/tr>\n<tr>\n<th>XL<\/th>\n<td>42-45<\/td>\n<td>36-40<\/td>\n<td>43.5-47.5<\/td>\n<\/tr>\n<tr>\n<th>XXL<\/th>\n<td>45-48<\/td>\n<td>40-44<\/td>\n<td>47.5-51.5<\/td>\n<\/tr>\n<\/tbody>\n<\/table><\/div>\n<\/div>"}},"1533811492639":{"type":"html","settings":{"title":"Shipping & Delivery","code":"Lorem ipsum dolor sit amet, consectetur adipiscing elit, sed do eiusmod tempor incididunt ut labore et dolore magna aliqua. Ut enim ad minim veniam, quis nostrud exercitation ullamco laboris nisi ut aliquip ex ea commodo consequat. Duis aute irure dolor in reprehenderit in voluptate velit esse cillum dolore eu fugiat nulla pariatur. Excepteur sint occaecat."}}},"block_order":["1533811479704","1533811481978","1533811483997","1533811486514","1533811492639"],"settings":{}},"1568776978015":{"type":"section-html","settings":{"title":"","html":"<div style=\"background-color:#fbfbfb;padding: 60px 0 5px;\"><div class=\"container\">\n[product title=\"FEATURED PRODUCTS\" title_align=\"center\" title_style=\"border-middle\" limit=\"8\" cols=\"5\" space=\"10\" view_mode=\"products-slider\" product_layout=\"default\" creative_layout=\"4\" extra_class=\"\" aspect_ratio=\"true\" img_size=\"400x400\" layout_height=\"550\" autoplay=\"\" arrows=\"true\" arrows_side=\"nav-pos-outside\" arrows_type=\"nav-style-4\" arrows_onhover=\"true\" positionArr=\"middle\" dots=\"false\" positionPag=\"\" handle_collection=\"featured-products\" ]\n<\/div><\/div>"}},"1568778293746":{"type":"section-html","settings":{"title":"","html":"<div style=\"padding: 60px 0 5px;\"><div class=\"container\">\n[product title=\"NEW PRODUCTS\" title_align=\"center\" title_style=\"border-middle\" limit=\"8\" cols=\"4\" space=\"10\" view_mode=\"products-slider\" product_layout=\"default\" creative_layout=\"4\" extra_class=\"\" aspect_ratio=\"true\" img_size=\"400x400\" layout_height=\"550\" autoplay=\"\" arrows=\"true\" arrows_side=\"nav-pos-outside\" arrows_type=\"nav-style-4\" arrows_onhover=\"true\" positionArr=\"middle\" dots=\"false\" positionPag=\"\" handle_collection=\"new-products\" ]\n<\/div><\/div>"}},"sidebar-left":{"type":"sidebar-left","blocks":{"1585298957498":{"type":"menu_collection","settings":{"menu_collection":"main-menu","show_count":false}},"1585298963892":{"type":"filter","settings":{}},"1585298967305":{"type":"products","settings":{"title":"Featured","collection":"","limit":"3"}},"1585298973787":{"type":"html","settings":{"html":"<h2>Custom HTML Block<\/h2><h5>This is a custom sub-title.<\/h5><p>Lorem ipsum dolor sit amet, consectetur adipiscing elit. Cras non placerat mi. Etiam non tellus <\/p>"}}},"block_order":["1585298957498","1585298963892","1585298967305","1585298973787"],"settings":{"sidebar_style":"1"}},"sidebar-right":{"type":"sidebar-right","blocks":{"1585299166938":{"type":"html","settings":{"html":"<div>\n<i class=\"icon-shipped\"><\/i><h3>FREE<br>SHIPPING<\/h3>\n<\/div><div>\n<i class=\"icon-us-dollar\"><\/i><h3>100% MONEY<br>BACK GUARANTEE<\/h3>\n<\/div><div>\n<i class=\"icon-online-support\"><\/i><h3>ONLINE<br>SUPPORT 24\/7<\/h3>\n<\/div>"}},"1585299169378":{"type":"banner","settings":{"banner1_enable":true,"banner1":"shopify:\/\/shop_images\/sidebar-banner.jpg","banner_link_1":"","banner2_enable":false,"banner2":"","banner_link_2":"","banner3_enable":false,"banner3":"","banner_link_3":""}},"1585299180018":{"type":"products","settings":{"title":"Bestseller Products","collection":"fashion","limit":"6"}}},"block_order":["1585299166938","1585299169378","1585299180018"],"settings":{}},"sidebar-right-blog":{"type":"sidebar-right-blog","blocks":{"1585299298951":{"type":"recent_article","settings":{}},"1585299300670":{"type":"tags","settings":{}},"1585299302907":{"type":"products","settings":{"title":"Featured","collection":"","limit":"6"}}},"block_order":["1585299298951","1585299300670","1585299302907"],"settings":{}}},"content_for_index":["1495691614906","1495910571031","1497454086555","1568776978015","1568778293746","1495910724011","1495910758816","1495910791308","1495910820801"]},"presets":{"Default":{}}}